millis,stamp,datetime,motion
999, 1535030444, 2018/8/23 13:20:44, Active
1999, 1535030445, 2018/8/23 13:20:45, Active
2999, 1535030446, 2018/8/23 13:20:46, Active
3999, 1535030447, 2018/8/23 13:20:47, Active
4999, 1535030448, 2018/8/23 13:20:48, Active
5999, 1535030449, 2018/8/23 13:20:49, Active
6999, 1535030450, 2018/8/23 13:20:50, Inactive
7999, 1535030451, 2018/8/23 13:20:51, Inactive
8999, 1535030452, 2018/8/23 13:20:52, Inactive
9999, 1535030453, 2018/8/23 13:20:53, Inactive
10999, 1535030454, 2018/8/23 13:20:54, Inactive
11999, 1535030455, 2018/8/23 13:20:55, Active
12999, 1535030456, 2018/8/23 13:20:56, Active
13999, 1535030457, 2018/8/23 13:20:57, Active
14999, 1535030458, 2018/8/23 13:20:58, Active
16000, 1535030459, 2018/8/23 13:20:59, Active
16999, 1535030460, 2018/8/23 13:21:0, Active
17999, 1535030461, 2018/8/23 13:21:1, Active
18999, 1535030462, 2018/8/23 13:21:2, Active
19999, 1535030463, 2018/8/23 13:21:3, Active
20999, 1535030464, 2018/8/23 13:21:4, Active
21999, 1535030465, 2018/8/23 13:21:5, Active
22999, 1535030466, 2018/8/23 13:21:6, Active
23999, 1535030467, 2018/8/23 13:21:7, Active
24999, 1535030468, 2018/8/23 13:21:8, Active
25999, 1535030469, 2018/8/23 13:21:9, Active
26999, 1535030470, 2018/8/23 13:21:10, Active
27999, 1535030471, 2018/8/23 13:21:11, Active
28999, 1535030472, 2018/8/23 13:21:12, Active
29999, 1535030473, 2018/8/23 13:21:13, Active
30999, 1535030474, 2018/8/23 13:21:14, Active
32000, 1535030475, 2018/8/23 13:21:15, Active
32999, 1535030476, 2018/8/23 13:21:16, Active
33999, 1535030477, 2018/8/23 13:21:17, Active
34999, 1535030478, 2018/8/23 13:21:18, Active
35999, 1535030479, 2018/8/23 13:21:19, Active
36999, 1535030480, 2018/8/23 13:21:20, Active
37999, 1535030481, 2018/8/23 13:21:21, Active
38999, 1535030482, 2018/8/23 13:21:22, Active
39999, 1535030483, 2018/8/23 13:21:23, Active
40999, 1535030484, 2018/8/23 13:21:24, Active
41999, 1535030485, 2018/8/23 13:21:25, Active
42999, 1535030486, 2018/8/23 13:21:26, Active
43999, 1535030487, 2018/8/23 13:21:27, Active
44999, 1535030488, 2018/8/23 13:21:28, Active
46000, 1535030489, 2018/8/23 13:21:29, Active
46999, 1535030490, 2018/8/23 13:21:30, Active
48000, 1535030491, 2018/8/23 13:21:31, Active
48999, 1535030492, 2018/8/23 13:21:32, Active
49999, 1535030493, 2018/8/23 13:21:33, Active
50999, 1535030494, 2018/8/23 13:21:34, Active
51999, 1535030495, 2018/8/23 13:21:35, Active
52999, 1535030496, 2018/8/23 13:21:36, Active
53999, 1535030497, 2018/8/23 13:21:37, Active
54999, 1535030498, 2018/8/23 13:21:38, Active
55999, 1535030499, 2018/8/23 13:21:39, Active
56998, 1535030500, 2018/8/23 13:21:40, Active
57999, 1535030501, 2018/8/23 13:21:41, Active
58999, 1535030502, 2018/8/23 13:21:42, Active
59999, 1535030503, 2018/8/23 13:21:43, Active
60999, 1535030504, 2018/8/23 13:21:44, Active
62000, 1535030505, 2018/8/23 13:21:45, Active
62999, 1535030506, 2018/8/23 13:21:46, Active
64000, 1535030507, 2018/8/23 13:21:47, Active
64999, 1535030508, 2018/8/23 13:21:48, Active
65999, 1535030509, 2018/8/23 13:21:49, Active
66999, 1535030510, 2018/8/23 13:21:50, Active
67999, 1535030511, 2018/8/23 13:21:51, Active
68999, 1535030512, 2018/8/23 13:21:52, Active
69999, 1535030513, 2018/8/23 13:21:53, Active
70999, 1535030514, 2018/8/23 13:21:54, Active
71999, 1535030515, 2018/8/23 13:21:55, Active
72999, 1535030516, 2018/8/23 13:21:56, Inactive
74000, 1535030517, 2018/8/23 13:21:57, Inactive
74998, 1535030518, 2018/8/23 13:21:58, Inactive
75999, 1535030519, 2018/8/23 13:21:59, Inactive
76999, 1535030520, 2018/8/23 13:22:0, Inactive
78000, 1535030521, 2018/8/23 13:22:1, Inactive
78999, 1535030522, 2018/8/23 13:22:2, Inactive
80000, 1535030523, 2018/8/23 13:22:3, Inactive
80999, 1535030524, 2018/8/23 13:22:4, Inactive
81998, 1535030525, 2018/8/23 13:22:5, Inactive
82999, 1535030526, 2018/8/23 13:22:6, Inactive
83999, 1535030527, 2018/8/23 13:22:7, Inactive
84999, 1535030528, 2018/8/23 13:22:8, Active
85999, 1535030529, 2018/8/23 13:22:9, Active
86999, 1535030530, 2018/8/23 13:22:10, Active
87999, 1535030531, 2018/8/23 13:22:11, Active
88999, 1535030532, 2018/8/23 13:22:12, Active
89999, 1535030533, 2018/8/23 13:22:13, Active
90999, 1535030534, 2018/8/23 13:22:14, Active
91999, 1535030535, 2018/8/23 13:22:15, Active
92999, 1535030536, 2018/8/23 13:22:16, Inactive
93999, 1535030537, 2018/8/23 13:22:17, Inactive
94999, 1535030538, 2018/8/23 13:22:18, Inactive
96000, 1535030539, 2018/8/23 13:22:19, Inactive
96999, 1535030540, 2018/8/23 13:22:20, Inactive
97998, 1535030541, 2018/8/23 13:22:21, Inactive
98999, 1535030542, 2018/8/23 13:22:22, Inactive
99999, 1535030543, 2018/8/23 13:22:23, Inactive
100999, 1535030544, 2018/8/23 13:22:24, Inactive
101999, 1535030545, 2018/8/23 13:22:25, Inactive
102999, 1535030546, 2018/8/23 13:22:26, Inactive
103999, 1535030547, 2018/8/23 13:22:27, Inactive
104999, 1535030548, 2018/8/23 13:22:28, Inactive
105999, 1535030549, 2018/8/23 13:22:29, Inactive
106999, 1535030550, 2018/8/23 13:22:30, Inactive
107999, 1535030551, 2018/8/23 13:22:31, Inactive
109000, 1535030552, 2018/8/23 13:22:32, Inactive
110000, 1535030553, 2018/8/23 13:22:33, Active
110999, 1535030554, 2018/8/23 13:22:34, Active
112000, 1535030555, 2018/8/23 13:22:35, Active
112999, 1535030556, 2018/8/23 13:22:36, Active
113999, 1535030557, 2018/8/23 13:22:37, Active
114999, 1535030558, 2018/8/23 13:22:38, Active
115999, 1535030559, 2018/8/23 13:22:39, Active
116999, 1535030560, 2018/8/23 13:22:40, Active
117999, 1535030561, 2018/8/23 13:22:41, Active
118999, 1535030562, 2018/8/23 13:22:42, Inactive
119999, 1535030563, 2018/8/23 13:22:43, Inactive
120999, 1535030564, 2018/8/23 13:22:44, Inactive
121999, 1535030565, 2018/8/23 13:22:45, Inactive
122999, 1535030566, 2018/8/23 13:22:46, Inactive
123999, 1535030567, 2018/8/23 13:22:47, Inactive
124998, 1535030568, 2018/8/23 13:22:48, Inactive
126000, 1535030569, 2018/8/23 13:22:49, Inactive
126999, 1535030570, 2018/8/23 13:22:50, Inactive
128000, 1535030571, 2018/8/23 13:22:51, Inactive
128998, 1535030572, 2018/8/23 13:22:52, Inactive
129999, 1535030573, 2018/8/23 13:22:53, Inactive
130998, 1535030574, 2018/8/23 13:22:54, Inactive
131999, 1535030575, 2018/8/23 13:22:55, Inactive
132999, 1535030576, 2018/8/23 13:22:56, Inactive
133999, 1535030577, 2018/8/23 13:22:57, Inactive
134999, 1535030578, 2018/8/23 13:22:58, Inactive
135999, 1535030579, 2018/8/23 13:22:59, Inactive
136999, 1535030580, 2018/8/23 13:23:0, Inactive
137999, 1535030581, 2018/8/23 13:23:1, Inactive
138999, 1535030582, 2018/8/23 13:23:2, Inactive
139999, 1535030583, 2018/8/23 13:23:3, Inactive
140999, 1535030584, 2018/8/23 13:23:4, Inactive
141999, 1535030585, 2018/8/23 13:23:5, Inactive
142999, 1535030586, 2018/8/23 13:23:6, Inactive
144000, 1535030587, 2018/8/23 13:23:7, Inactive
145000, 1535030588, 2018/8/23 13:23:8, Inactive
145998, 1535030589, 2018/8/23 13:23:9, Inactive
146999, 1535030590, 2018/8/23 13:23:10, Inactive
147999, 1535030591, 2018/8/23 13:23:11, Inactive
148999, 1535030592, 2018/8/23 13:23:12, Inactive
149999, 1535030593, 2018/8/23 13:23:13, Inactive
150999, 1535030594, 2018/8/23 13:23:14, Inactive
151999, 1535030595, 2018/8/23 13:23:15, Inactive
152999, 1535030596, 2018/8/23 13:23:16, Inactive
153999, 1535030597, 2018/8/23 13:23:17, Inactive
154999, 1535030598, 2018/8/23 13:23:18, Inactive
155999, 1535030599, 2018/8/23 13:23:19, Inactive
156999, 1535030600, 2018/8/23 13:23:20, Inactive
157999, 1535030601, 2018/8/23 13:23:21, Inactive
158999, 1535030602, 2018/8/23 13:23:22, Inactive
160000, 1535030603, 2018/8/23 13:23:23, Inactive
161000, 1535030604, 2018/8/23 13:23:24, Inactive
161999, 1535030605, 2018/8/23 13:23:25, Inactive
162999, 1535030606, 2018/8/23 13:23:26, Inactive
163999, 1535030607, 2018/8/23 13:23:27, Inactive
164999, 1535030608, 2018/8/23 13:23:28, Inactive
165999, 1535030609, 2018/8/23 13:23:29, Inactive
166999, 1535030610, 2018/8/23 13:23:30, Inactive
167999, 1535030611, 2018/8/23 13:23:31, Inactive
168999, 1535030612, 2018/8/23 13:23:32, Inactive
169999, 1535030613, 2018/8/23 13:23:33, Inactive
170999, 1535030614, 2018/8/23 13:23:34, Inactive
171999, 1535030615, 2018/8/23 13:23:35, Inactive
172999, 1535030616, 2018/8/23 13:23:36, Inactive
173999, 1535030617, 2018/8/23 13:23:37, Inactive
174999, 1535030618, 2018/8/23 13:23:38, Inactive
176000, 1535030619, 2018/8/23 13:23:39, Inactive
176999, 1535030620, 2018/8/23 13:23:40, Inactive
177999, 1535030621, 2018/8/23 13:23:41, Inactive
178999, 1535030622, 2018/8/23 13:23:42, Inactive
179999, 1535030623, 2018/8/23 13:23:43, Inactive
181000, 1535030624, 2018/8/23 13:23:44, Inactive
181999, 1535030625, 2018/8/23 13:23:45, Inactive
183000, 1535030626, 2018/8/23 13:23:46, Inactive
183999, 1535030627, 2018/8/23 13:23:47, Inactive
184999, 1535030628, 2018/8/23 13:23:48, Inactive
185999, 1535030629, 2018/8/23 13:23:49, Inactive
186999, 1535030630, 2018/8/23 13:23:50, Inactive
187999, 1535030631, 2018/8/23 13:23:51, Inactive
188999, 1535030632, 2018/8/23 13:23:52, Inactive
189999, 1535030633, 2018/8/23 13:23:53, Inactive
190999, 1535030634, 2018/8/23 13:23:54, Inactive
192000, 1535030635, 2018/8/23 13:23:55, Inactive
192999, 1535030636, 2018/8/23 13:23:56, Inactive
193999, 1535030637, 2018/8/23 13:23:57, Inactive
195000, 1535030638, 2018/8/23 13:23:58, Inactive
195999, 1535030639, 2018/8/23 13:23:59, Inactive
197000, 1535030640, 2018/8/23 13:24:0, Inactive
197999, 1535030641, 2018/8/23 13:24:1, Inactive
198999, 1535030642, 2018/8/23 13:24:2, Inactive
199999, 1535030643, 2018/8/23 13:24:3, Inactive
200999, 1535030644, 2018/8/23 13:24:4, Inactive
201999, 1535030645, 2018/8/23 13:24:5, Inactive
202999, 1535030646, 2018/8/23 13:24:6, Inactive
203999, 1535030647, 2018/8/23 13:24:7, Inactive
204999, 1535030648, 2018/8/23 13:24:8, Inactive
205999, 1535030649, 2018/8/23 13:24:9, Inactive
206999, 1535030650, 2018/8/23 13:24:10, Inactive
208000, 1535030651, 2018/8/23 13:24:11, Inactive
208999, 1535030652, 2018/8/23 13:24:12, Inactive
209999, 1535030653, 2018/8/23 13:24:13, Inactive
210999, 1535030654, 2018/8/23 13:24:14, Inactive
211999, 1535030655, 2018/8/23 13:24:15, Inactive
213000, 1535030656, 2018/8/23 13:24:16, Inactive
213999, 1535030657, 2018/8/23 13:24:17, Inactive
214999, 1535030658, 2018/8/23 13:24:18, Inactive
215999, 1535030659, 2018/8/23 13:24:19, Inactive
216999, 1535030660, 2018/8/23 13:24:20, Inactive
217999, 1535030661, 2018/8/23 13:24:21, Inactive
218999, 1535030662, 2018/8/23 13:24:22, Inactive
219999, 1535030663, 2018/8/23 13:24:23, Inactive
220999, 1535030664, 2018/8/23 13:24:24, Inactive
221999, 1535030665, 2018/8/23 13:24:25, Inactive
222999, 1535030666, 2018/8/23 13:24:26, Inactive
224000, 1535030667, 2018/8/23 13:24:27, Inactive
224999, 1535030668, 2018/8/23 13:24:28, Inactive
225998, 1535030669, 2018/8/23 13:24:29, Inactive
226999, 1535030670, 2018/8/23 13:24:30, Inactive
227999, 1535030671, 2018/8/23 13:24:31, Inactive
228999, 1535030672, 2018/8/23 13:24:32, Inactive
229999, 1535030673, 2018/8/23 13:24:33, Inactive
230999, 1535030674, 2018/8/23 13:24:34, Inactive
231999, 1535030675, 2018/8/23 13:24:35, Inactive
232999, 1535030676, 2018/8/23 13:24:36, Inactive
233999, 1535030677, 2018/8/23 13:24:37, Inactive
234999, 1535030678, 2018/8/23 13:24:38, Inactive
235999, 1535030679, 2018/8/23 13:24:39, Inactive
236999, 1535030680, 2018/8/23 13:24:40, Inactive
238000, 1535030681, 2018/8/23 13:24:41, Inactive
238999, 1535030682, 2018/8/23 13:24:42, Inactive
240000, 1535030683, 2018/8/23 13:24:43, Inactive
240999, 1535030684, 2018/8/23 13:24:44, Inactive
241999, 1535030685, 2018/8/23 13:24:45, Inactive
242999, 1535030686, 2018/8/23 13:24:46, Inactive
243999, 1535030687, 2018/8/23 13:24:47, Inactive
244999, 1535030688, 2018/8/23 13:24:48, Inactive
245999, 1535030689, 2018/8/23 13:24:49, Inactive
246999, 1535030690, 2018/8/23 13:24:50, Inactive
247999, 1535030691, 2018/8/23 13:24:51, Inactive
248999, 1535030692, 2018/8/23 13:24:52, Inactive
249999, 1535030693, 2018/8/23 13:24:53, Inactive
250999, 1535030694, 2018/8/23 13:24:54, Inactive
251999, 1535030695, 2018/8/23 13:24:55, Inactive
252999, 1535030696, 2018/8/23 13:24:56, Inactive
253999, 1535030697, 2018/8/23 13:24:57, Inactive
254999, 1535030698, 2018/8/23 13:24:58, Inactive
256000, 1535030699, 2018/8/23 13:24:59, Inactive
256999, 1535030700, 2018/8/23 13:25:0, Inactive
257999, 1535030701, 2018/8/23 13:25:1, Inactive
258999, 1535030702, 2018/8/23 13:25:2, Inactive
259999, 1535030703, 2018/8/23 13:25:3, Inactive
260999, 1535030704, 2018/8/23 13:25:4, Inactive
261999, 1535030705, 2018/8/23 13:25:5, Inactive
262999, 1535030706, 2018/8/23 13:25:6, Inactive
263999, 1535030707, 2018/8/23 13:25:7, Inactive
264999, 1535030708, 2018/8/23 13:25:8, Inactive
265999, 1535030709, 2018/8/23 13:25:9, Inactive
266999, 1535030710, 2018/8/23 13:25:10, Inactive
267999, 1535030711, 2018/8/23 13:25:11, Inactive
268999, 1535030712, 2018/8/23 13:25:12, Inactive
269999, 1535030713, 2018/8/23 13:25:13, Inactive
270999, 1535030714, 2018/8/23 13:25:14, Inactive
272000, 1535030715, 2018/8/23 13:25:15, Inactive
272999, 1535030716, 2018/8/23 13:25:16, Inactive
273999, 1535030717, 2018/8/23 13:25:17, Inactive
274999, 1535030718, 2018/8/23 13:25:18, Inactive
275999, 1535030719, 2018/8/23 13:25:19, Inactive
276999, 1535030720, 2018/8/23 13:25:20, Inactive
277999, 1535030721, 2018/8/23 13:25:21, Inactive
278999, 1535030722, 2018/8/23 13:25:22, Inactive
279999, 1535030723, 2018/8/23 13:25:23, Inactive
280999, 1535030724, 2018/8/23 13:25:24, Inactive
281999, 1535030725, 2018/8/23 13:25:25, Inactive
282999, 1535030726, 2018/8/23 13:25:26, Inactive
283999, 1535030727, 2018/8/23 13:25:27, Inactive
284999, 1535030728, 2018/8/23 13:25:28, Inactive
285999, 1535030729, 2018/8/23 13:25:29, Inactive
286999, 1535030730, 2018/8/23 13:25:30, Inactive
288000, 1535030731, 2018/8/23 13:25:31, Inactive
288999, 1535030732, 2018/8/23 13:25:32, Inactive
289999, 1535030733, 2018/8/23 13:25:33, Inactive
290999, 1535030734, 2018/8/23 13:25:34, Inactive
291999, 1535030735, 2018/8/23 13:25:35, Inactive
292999, 1535030736, 2018/8/23 13:25:36, Inactive
293999, 1535030737, 2018/8/23 13:25:37, Inactive
295000, 1535030738, 2018/8/23 13:25:38, Inactive
295999, 1535030739, 2018/8/23 13:25:39, Inactive
296999, 1535030740, 2018/8/23 13:25:40, Inactive
297999, 1535030741, 2018/8/23 13:25:41, Inactive
298999, 1535030742, 2018/8/23 13:25:42, Inactive
299998, 1535030743, 2018/8/23 13:25:43, Inactive
300999, 1535030744, 2018/8/23 13:25:44, Inactive
301999, 1535030745, 2018/8/23 13:25:45, Inactive
302999, 1535030746, 2018/8/23 13:25:46, Inactive
303998, 1535030747, 2018/8/23 13:25:47, Inactive
304999, 1535030748, 2018/8/23 13:25:48, Inactive
305999, 1535030749, 2018/8/23 13:25:49, Inactive
306999, 1535030750, 2018/8/23 13:25:50, Inactive
307999, 1535030751, 2018/8/23 13:25:51, Inactive
308999, 1535030752, 2018/8/23 13:25:52, Inactive
309999, 1535030753, 2018/8/23 13:25:53, Inactive
310999, 1535030754, 2018/8/23 13:25:54, Inactive
311999, 1535030755, 2018/8/23 13:25:55, Inactive
312999, 1535030756, 2018/8/23 13:25:56, Inactive
313999, 1535030757, 2018/8/23 13:25:57, Inactive
314999, 1535030758, 2018/8/23 13:25:58, Inactive
315999, 1535030759, 2018/8/23 13:25:59, Inactive
316999, 1535030760, 2018/8/23 13:26:0, Inactive
317999, 1535030761, 2018/8/23 13:26:1, Inactive
318999, 1535030762, 2018/8/23 13:26:2, Inactive
320000, 1535030763, 2018/8/23 13:26:3, Inactive
320999, 1535030764, 2018/8/23 13:26:4, Inactive
321999, 1535030765, 2018/8/23 13:26:5, Inactive
322999, 1535030766, 2018/8/23 13:26:6, Inactive
323999, 1535030767, 2018/8/23 13:26:7, Inactive
324999, 1535030768, 2018/8/23 13:26:8, Inactive
325998, 1535030769, 2018/8/23 13:26:9, Inactive
327000, 1535030770, 2018/8/23 13:26:10, Inactive
327999, 1535030771, 2018/8/23 13:26:11, Inactive
328999, 1535030772, 2018/8/23 13:26:12, Inactive
329999, 1535030773, 2018/8/23 13:26:13, Inactive
330999, 1535030774, 2018/8/23 13:26:14, Inactive
331999, 1535030775, 2018/8/23 13:26:15, Inactive
332999, 1535030776, 2018/8/23 13:26:16, Inactive
334000, 1535030777, 2018/8/23 13:26:17, Inactive
334999, 1535030778, 2018/8/23 13:26:18, Inactive
336000, 1535030779, 2018/8/23 13:26:19, Inactive
336999, 1535030780, 2018/8/23 13:26:20, Inactive
337999, 1535030781, 2018/8/23 13:26:21, Inactive
338999, 1535030782, 2018/8/23 13:26:22, Inactive
339999, 1535030783, 2018/8/23 13:26:23, Inactive
340999, 1535030784, 2018/8/23 13:26:24, Inactive
341999, 1535030785, 2018/8/23 13:26:25, Inactive
342999, 1535030786, 2018/8/23 13:26:26, Inactive
343999, 1535030787, 2018/8/23 13:26:27, Inactive
344999, 1535030788, 2018/8/23 13:26:28, Inactive
345999, 1535030789, 2018/8/23 13:26:29, Inactive
346999, 1535030790, 2018/8/23 13:26:30, Inactive
347999, 1535030791, 2018/8/23 13:26:31, Inactive
348999, 1535030792, 2018/8/23 13:26:32, Inactive
349999, 1535030793, 2018/8/23 13:26:33, Inactive
350999, 1535030794, 2018/8/23 13:26:34, Inactive
352000, 1535030795, 2018/8/23 13:26:35, Inactive
352999, 1535030796, 2018/8/23 13:26:36, Inactive
353999, 1535030797, 2018/8/23 13:26:37, Inactive
354999, 1535030798, 2018/8/23 13:26:38, Inactive
355999, 1535030799, 2018/8/23 13:26:39, Inactive
357000, 1535030800, 2018/8/23 13:26:40, Inactive
357999, 1535030801, 2018/8/23 13:26:41, Inactive
358999, 1535030802, 2018/8/23 13:26:42, Inactive
359999, 1535030803, 2018/8/23 13:26:43, Inactive
360999, 1535030804, 2018/8/23 13:26:44, Inactive
361999, 1535030805, 2018/8/23 13:26:45, Inactive
362999, 1535030806, 2018/8/23 13:26:46, Inactive
363999, 1535030807, 2018/8/23 13:26:47, Inactive
364999, 1535030808, 2018/8/23 13:26:48, Inactive
365999, 1535030809, 2018/8/23 13:26:49, Inactive
366999, 1535030810, 2018/8/23 13:26:50, Inactive
368000, 1535030811, 2018/8/23 13:26:51, Inactive
368999, 1535030812, 2018/8/23 13:26:52, Inactive
369999, 1535030813, 2018/8/23 13:26:53, Inactive
370999, 1535030814, 2018/8/23 13:26:54, Inactive
371999, 1535030815, 2018/8/23 13:26:55, Inactive
372999, 1535030816, 2018/8/23 13:26:56, Inactive
373999, 1535030817, 2018/8/23 13:26:57, Inactive
374999, 1535030818, 2018/8/23 13:26:58, Inactive
375999, 1535030819, 2018/8/23 13:26:59, Inactive
376999, 1535030820, 2018/8/23 13:27:0, Inactive
377999, 1535030821, 2018/8/23 13:27:1, Inactive
378999, 1535030822, 2018/8/23 13:27:2, Inactive
379999, 1535030823, 2018/8/23 13:27:3, Inactive
380999, 1535030824, 2018/8/23 13:27:4, Inactive
382000, 1535030825, 2018/8/23 13:27:5, Inactive
382999, 1535030826, 2018/8/23 13:27:6, Inactive
384000, 1535030827, 2018/8/23 13:27:7, Inactive
384998, 1535030828, 2018/8/23 13:27:8, Inactive
385999, 1535030829, 2018/8/23 13:27:9, Inactive
386999, 1535030830, 2018/8/23 13:27:10, Inactive
387998, 1535030831, 2018/8/23 13:27:11, Inactive
388999, 1535030832, 2018/8/23 13:27:12, Inactive
389999, 1535030833, 2018/8/23 13:27:13, Inactive
390999, 1535030834, 2018/8/23 13:27:14, Inactive
391999, 1535030835, 2018/8/23 13:27:15, Inactive
392999, 1535030836, 2018/8/23 13:27:16, Inactive
393999, 1535030837, 2018/8/23 13:27:17, Inactive
394999, 1535030838, 2018/8/23 13:27:18, Inactive
395999, 1535030839, 2018/8/23 13:27:19, Inactive
396999, 1535030840, 2018/8/23 13:27:20, Inactive
398000, 1535030841, 2018/8/23 13:27:21, Inactive
398999, 1535030842, 2018/8/23 13:27:22, Inactive
400000, 1535030843, 2018/8/23 13:27:23, Inactive
400999, 1535030844, 2018/8/23 13:27:24, Inactive
401998, 1535030845, 2018/8/23 13:27:25, Inactive
402999, 1535030846, 2018/8/23 13:27:26, Inactive
403999, 1535030847, 2018/8/23 13:27:27, Inactive
404999, 1535030848, 2018/8/23 13:27:28, Inactive
405999, 1535030849, 2018/8/23 13:27:29, Inactive
407000, 1535030850, 2018/8/23 13:27:30, Inactive
407999, 1535030851, 2018/8/23 13:27:31, Inactive
408999, 1535030852, 2018/8/23 13:27:32, Inactive
409999, 1535030853, 2018/8/23 13:27:33, Inactive
410999, 1535030854, 2018/8/23 13:27:34, Inactive
411999, 1535030855, 2018/8/23 13:27:35, Inactive
412999, 1535030856, 2018/8/23 13:27:36, Inactive
413999, 1535030857, 2018/8/23 13:27:37, Inactive
414999, 1535030858, 2018/8/23 13:27:38, Inactive
416000, 1535030859, 2018/8/23 13:27:39, Inactive
416999, 1535030860, 2018/8/23 13:27:40, Inactive
417999, 1535030861, 2018/8/23 13:27:41, Inactive
418999, 1535030862, 2018/8/23 13:27:42, Inactive
419999, 1535030863, 2018/8/23 13:27:43, Inactive
420999, 1535030864, 2018/8/23 13:27:44, Inactive
421999, 1535030865, 2018/8/23 13:27:45, Inactive
422999, 1535030866, 2018/8/23 13:27:46, Inactive
424000, 1535030867, 2018/8/23 13:27:47, Inactive
424999, 1535030868, 2018/8/23 13:27:48, Inactive
425999, 1535030869, 2018/8/23 13:27:49, Inactive
426999, 1535030870, 2018/8/23 13:27:50, Inactive
427999, 1535030871, 2018/8/23 13:27:51, Inactive
428999, 1535030872, 2018/8/23 13:27:52, Inactive
429999, 1535030873, 2018/8/23 13:27:53, Inactive
430999, 1535030874, 2018/8/23 13:27:54, Inactive
432000, 1535030875, 2018/8/23 13:27:55, Inactive
432999, 1535030876, 2018/8/23 13:27:56, Inactive
433999, 1535030877, 2018/8/23 13:27:57, Inactive
434999, 1535030878, 2018/8/23 13:27:58, Inactive
435999, 1535030879, 2018/8/23 13:27:59, Inactive
436999, 1535030880, 2018/8/23 13:28:0, Inactive
437999, 1535030881, 2018/8/23 13:28:1, Inactive
439000, 1535030882, 2018/8/23 13:28:2, Inactive
439999, 1535030883, 2018/8/23 13:28:3, Inactive
440999, 1535030884, 2018/8/23 13:28:4, Inactive
441999, 1535030885, 2018/8/23 13:28:5, Inactive
442999, 1535030886, 2018/8/23 13:28:6, Inactive
443999, 1535030887, 2018/8/23 13:28:7, Inactive
444999, 1535030888, 2018/8/23 13:28:8, Inactive
445999, 1535030889, 2018/8/23 13:28:9, Inactive
446999, 1535030890, 2018/8/23 13:28:10, Inactive
447998, 1535030891, 2018/8/23 13:28:11, Inactive
448999, 1535030892, 2018/8/23 13:28:12, Inactive
449999, 1535030893, 2018/8/23 13:28:13, Inactive
450999, 1535030894, 2018/8/23 13:28:14, Inactive
451999, 1535030895, 2018/8/23 13:28:15, Inactive
452999, 1535030896, 2018/8/23 13:28:16, Inactive
453999, 1535030897, 2018/8/23 13:28:17, Inactive
454999, 1535030898, 2018/8/23 13:28:18, Inactive
455999, 1535030899, 2018/8/23 13:28:19, Inactive
456999, 1535030900, 2018/8/23 13:28:20, Inactive
457999, 1535030901, 2018/8/23 13:28:21, Inactive
458999, 1535030902, 2018/8/23 13:28:22, Inactive
459999, 1535030903, 2018/8/23 13:28:23, Inactive
460998, 1535030904, 2018/8/23 13:28:24, Inactive
461999, 1535030905, 2018/8/23 13:28:25, Inactive
462999, 1535030906, 2018/8/23 13:28:26, Inactive
464000, 1535030907, 2018/8/23 13:28:27, Inactive
464999, 1535030908, 2018/8/23 13:28:28, Inactive
465999, 1535030909, 2018/8/23 13:28:29, Inactive
466999, 1535030910, 2018/8/23 13:28:30, Inactive
467999, 1535030911, 2018/8/23 13:28:31, Inactive
468999, 1535030912, 2018/8/23 13:28:32, Inactive
469999, 1535030913, 2018/8/23 13:28:33, Inactive
471000, 1535030914, 2018/8/23 13:28:34, Inactive
471999, 1535030915, 2018/8/23 13:28:35, Inactive
472999, 1535030916, 2018/8/23 13:28:36, Inactive
473999, 1535030917, 2018/8/23 13:28:37, Inactive
474999, 1535030918, 2018/8/23 13:28:38, Inactive
475999, 1535030919, 2018/8/23 13:28:39, Inactive
476998, 1535030920, 2018/8/23 13:28:40, Inactive
478000, 1535030921, 2018/8/23 13:28:41, Inactive
478999, 1535030922, 2018/8/23 13:28:42, Inactive
480000, 1535030923, 2018/8/23 13:28:43, Inactive
480999, 1535030924, 2018/8/23 13:28:44, Inactive
481999, 1535030925, 2018/8/23 13:28:45, Inactive
482999, 1535030926, 2018/8/23 13:28:46, Inactive
483999, 1535030927, 2018/8/23 13:28:47, Inactive
484998, 1535030928, 2018/8/23 13:28:48, Inactive
485999, 1535030929, 2018/8/23 13:28:49, Inactive
486999, 1535030930, 2018/8/23 13:28:50, Inactive
487999, 1535030931, 2018/8/23 13:28:51, Inactive
488999, 1535030932, 2018/8/23 13:28:52, Inactive
489999, 1535030933, 2018/8/23 13:28:53, Inactive
490998, 1535030934, 2018/8/23 13:28:54, Inactive
491999, 1535030935, 2018/8/23 13:28:55, Inactive
492999, 1535030936, 2018/8/23 13:28:56, Inactive
494000, 1535030937, 2018/8/23 13:28:57, Inactive
494999, 1535030938, 2018/8/23 13:28:58, Inactive
496000, 1535030939, 2018/8/23 13:28:59, Inactive
496999, 1535030940, 2018/8/23 13:29:0, Inactive
497999, 1535030941, 2018/8/23 13:29:1, Inactive
498999, 1535030942, 2018/8/23 13:29:2, Inactive
500000, 1535030943, 2018/8/23 13:29:3, Inactive
500999, 1535030944, 2018/8/23 13:29:4, Inactive
501999, 1535030945, 2018/8/23 13:29:5, Inactive
502999, 1535030946, 2018/8/23 13:29:6, Inactive
503999, 1535030947, 2018/8/23 13:29:7, Inactive
504999, 1535030948, 2018/8/23 13:29:8, Inactive
505999, 1535030949, 2018/8/23 13:29:9, Inactive
506998, 1535030950, 2018/8/23 13:29:10, Inactive
507999, 1535030951, 2018/8/23 13:29:11, Inactive
508999, 1535030952, 2018/8/23 13:29:12, Inactive
509999, 1535030953, 2018/8/23 13:29:13, Inactive
510999, 1535030954, 2018/8/23 13:29:14, Inactive
512000, 1535030955, 2018/8/23 13:29:15, Inactive
512999, 1535030956, 2018/8/23 13:29:16, Inactive
513999, 1535030957, 2018/8/23 13:29:17, Inactive
514999, 1535030958, 2018/8/23 13:29:18, Inactive
515999, 1535030959, 2018/8/23 13:29:19, Inactive
516999, 1535030960, 2018/8/23 13:29:20, Inactive
517999, 1535030961, 2018/8/23 13:29:21, Inactive
518999, 1535030962, 2018/8/23 13:29:22, Inactive
519999, 1535030963, 2018/8/23 13:29:23, Inactive
520999, 1535030964, 2018/8/23 13:29:24, Inactive
521998, 1535030965, 2018/8/23 13:29:25, Inactive
522999, 1535030966, 2018/8/23 13:29:26, Inactive
523999, 1535030967, 2018/8/23 13:29:27, Inactive
524999, 1535030968, 2018/8/23 13:29:28, Inactive
526000, 1535030969, 2018/8/23 13:29:29, Inactive
526999, 1535030970, 2018/8/23 13:29:30, Inactive
528000, 1535030971, 2018/8/23 13:29:31, Inactive
528999, 1535030972, 2018/8/23 13:29:32, Inactive
529999, 1535030973, 2018/8/23 13:29:33, Inactive
530999, 1535030974, 2018/8/23 13:29:34, Inactive
531999, 1535030975, 2018/8/23 13:29:35, Inactive
532999, 1535030976, 2018/8/23 13:29:36, Inactive
533999, 1535030977, 2018/8/23 13:29:37, Inactive
535000, 1535030978, 2018/8/23 13:29:38, Inactive
535999, 1535030979, 2018/8/23 13:29:39, Inactive
536999, 1535030980, 2018/8/23 13:29:40, Inactive
537998, 1535030981, 2018/8/23 13:29:41, Inactive
538999, 1535030982, 2018/8/23 13:29:42, Inactive
539999, 1535030983, 2018/8/23 13:29:43, Inactive
540999, 1535030984, 2018/8/23 13:29:44, Inactive
542000, 1535030985, 2018/8/23 13:29:45, Inactive
542998, 1535030986, 2018/8/23 13:29:46, Inactive
544000, 1535030987, 2018/8/23 13:29:47, Inactive
544999, 1535030988, 2018/8/23 13:29:48, Inactive
545999, 1535030989, 2018/8/23 13:29:49, Inactive
546999, 1535030990, 2018/8/23 13:29:50, Inactive
547999, 1535030991, 2018/8/23 13:29:51, Inactive
548999, 1535030992, 2018/8/23 13:29:52, Inactive
549999, 1535030993, 2018/8/23 13:29:53, Inactive
550999, 1535030994, 2018/8/23 13:29:54, Inactive
551999, 1535030995, 2018/8/23 13:29:55, Inactive
552998, 1535030996, 2018/8/23 13:29:56, Inactive
553999, 1535030997, 2018/8/23 13:29:57, Inactive
554999, 1535030998, 2018/8/23 13:29:58, Inactive
555999, 1535030999, 2018/8/23 13:29:59, Inactive
556999, 1535031000, 2018/8/23 13:30:0, Inactive
557999, 1535031001, 2018/8/23 13:30:1, Inactive
558999, 1535031002, 2018/8/23 13:30:2, Inactive
560000, 1535031003, 2018/8/23 13:30:3, Inactive
560999, 1535031004, 2018/8/23 13:30:4, Inactive
561999, 1535031005, 2018/8/23 13:30:5, Inactive
562999, 1535031006, 2018/8/23 13:30:6, Inactive
563999, 1535031007, 2018/8/23 13:30:7, Inactive
564999, 1535031008, 2018/8/23 13:30:8, Inactive
565999, 1535031009, 2018/8/23 13:30:9, Inactive
566999, 1535031010, 2018/8/23 13:30:10, Inactive
567999, 1535031011, 2018/8/23 13:30:11, Inactive
568999, 1535031012, 2018/8/23 13:30:12, Inactive
569999, 1535031013, 2018/8/23 13:30:13, Inactive
570999, 1535031014, 2018/8/23 13:30:14, Inactive
571999, 1535031015, 2018/8/23 13:30:15, Inactive
572999, 1535031016, 2018/8/23 13:30:16, Inactive
573999, 1535031017, 2018/8/23 13:30:17, Inactive
574999, 1535031018, 2018/8/23 13:30:18, Inactive
576000, 1535031019, 2018/8/23 13:30:19, Inactive
576999, 1535031020, 2018/8/23 13:30:20, Inactive
577999, 1535031021, 2018/8/23 13:30:21, Inactive
578999, 1535031022, 2018/8/23 13:30:22, Inactive
579999, 1535031023, 2018/8/23 13:30:23, Inactive
580999, 1535031024, 2018/8/23 13:30:24, Inactive
582000, 1535031025, 2018/8/23 13:30:25, Inactive
583000, 1535031026, 2018/8/23 13:30:26, Inactive
583999, 1535031027, 2018/8/23 13:30:27, Inactive
584999, 1535031028, 2018/8/23 13:30:28, Inactive
585999, 1535031029, 2018/8/23 13:30:29, Inactive
586999, 1535031030, 2018/8/23 13:30:30, Inactive
587999, 1535031031, 2018/8/23 13:30:31, Inactive
588999, 1535031032, 2018/8/23 13:30:32, Inactive
589999, 1535031033, 2018/8/23 13:30:33, Inactive
590999, 1535031034, 2018/8/23 13:30:34, Inactive
592000, 1535031035, 2018/8/23 13:30:35, Inactive
592999, 1535031036, 2018/8/23 13:30:36, Inactive
593999, 1535031037, 2018/8/23 13:30:37, Inactive
594999, 1535031038, 2018/8/23 13:30:38, Inactive
595999, 1535031039, 2018/8/23 13:30:39, Inactive
596999, 1535031040, 2018/8/23 13:30:40, Inactive
597999, 1535031041, 2018/8/23 13:30:41, Inactive
598999, 1535031042, 2018/8/23 13:30:42, Inactive
599999, 1535031043, 2018/8/23 13:30:43, Inactive
600999, 1535031044, 2018/8/23 13:30:44, Inactive
601999, 1535031045, 2018/8/23 13:30:45, Inactive
602999, 1535031046, 2018/8/23 13:30:46, Inactive
603999, 1535031047, 2018/8/23 13:30:47, Inactive
604999, 1535031048, 2018/8/23 13:30:48, Inactive
606000, 1535031049, 2018/8/23 13:30:49, Inactive
606999, 1535031050, 2018/8/23 13:30:50, Inactive
608000, 1535031051, 2018/8/23 13:30:51, Inactive
608999, 1535031052, 2018/8/23 13:30:52, Inactive
609999, 1535031053, 2018/8/23 13:30:53, Inactive
610999, 1535031054, 2018/8/23 13:30:54, Inactive
611999, 1535031055, 2018/8/23 13:30:55, Inactive
612999, 1535031056, 2018/8/23 13:30:56, Inactive
613999, 1535031057, 2018/8/23 13:30:57, Inactive
614999, 1535031058, 2018/8/23 13:30:58, Inactive
615999, 1535031059, 2018/8/23 13:30:59, Inactive
616999, 1535031060, 2018/8/23 13:31:0, Inactive
617999, 1535031061, 2018/8/23 13:31:1, Inactive
618998, 1535031062, 2018/8/23 13:31:2, Inactive
619999, 1535031063, 2018/8/23 13:31:3, Inactive
620999, 1535031064, 2018/8/23 13:31:4, Inactive
621999, 1535031065, 2018/8/23 13:31:5, Inactive
622999, 1535031066, 2018/8/23 13:31:6, Inactive
624000, 1535031067, 2018/8/23 13:31:7, Inactive
624999, 1535031068, 2018/8/23 13:31:8, Inactive
625999, 1535031069, 2018/8/23 13:31:9, Inactive
627000, 1535031070, 2018/8/23 13:31:10, Inactive
627999, 1535031071, 2018/8/23 13:31:11, Inactive
629000, 1535031072, 2018/8/23 13:31:12, Inactive
629999, 1535031073, 2018/8/23 13:31:13, Inactive
630999, 1535031074, 2018/8/23 13:31:14, Inactive
631999, 1535031075, 2018/8/23 13:31:15, Inactive
632999, 1535031076, 2018/8/23 13:31:16, Inactive
633999, 1535031077, 2018/8/23 13:31:17, Inactive
634999, 1535031078, 2018/8/23 13:31:18, Inactive
635999, 1535031079, 2018/8/23 13:31:19, Inactive
636998, 1535031080, 2018/8/23 13:31:20, Inactive
638000, 1535031081, 2018/8/23 13:31:21, Inactive
638999, 1535031082, 2018/8/23 13:31:22, Inactive
640000, 1535031083, 2018/8/23 13:31:23, Inactive
640999, 1535031084, 2018/8/23 13:31:24, Inactive
641999, 1535031085, 2018/8/23 13:31:25, Inactive
642999, 1535031086, 2018/8/23 13:31:26, Inactive
643999, 1535031087, 2018/8/23 13:31:27, Inactive
645000, 1535031088, 2018/8/23 13:31:28, Inactive
645999, 1535031089, 2018/8/23 13:31:29, Inactive
